row_id;incident_date;player_name;player_country;team_country;player_age;player_team_name;incident_description;heart_related;cardiac_related;collapsed;lightning;collision
1;1889-01-13;William Cropper;England;England;26.0;Staveley;Ruptured bowel in a match against Grimsby Town led to death the next day.;0;0;0;0;0
2;1892-01-11;James Dunlop;Scotland;Scotland;21.0;St Mirren;Tetanus from fall on piece of glass in a friendly game against Abercorn led to death ten days later.;0;0;0;0;0
3;1893-11-12;John Henry Morris;England;England;26.0;Shrewsbury Town;Internal haemorrhage following a bad tackle in a bad tempered match. A verdict of accidental death was returned.;0;0;0;0;0
4;1893-11-23;Walter Bannister;England;England;24.0;Chesterfield Town;"Rupture of the kidney from a tackle in game against Derby Junction; he died almost three weeks later.";0;0;0;0;0
5;1896-03-28;Teddy Smith;England;England;27.0;Bedminster;Suffered severe concussion following a clash of heads in the Gloucestershire Cup semi-final against Eastville Rovers. He continued playing initially, but was eventually forced to leave the game and died from his injury the next morning.;0;0;0;0;0
6;1896-05-25;James Logan;Scotland;England;25.0;Loughborough F.C.;Pneumonia while playing.;0;0;0;0;0
7;1896-11-29;Joe Powell;England;England;25.0;Woolwich Arsenal;Blood poisoning and tetanus after breaking his arm in game against Kettering Town in .;0;0;0;0;0
8;01-01-00;James Collins;England;England;;Sheppey United;Tetanus caused by on-field injury.;0;0;0;0;0
9;27-08-02;Di Jones;Wales;England;35.0;Manchester City;Gashed knee turned septic leading to death.;0;0;0;0;0
10;27-10-06;"David ""Soldier"" Wilson";England;England;23.0;Leeds City;Heart attack while playing against Burnley, probably from heavy smoking. He attempted to return to the field of play even when in great pain.;1;0;0;0;0
11;08-04-07;Tommy Blackstock;Scotland;England;25.0;Manchester United;Collapsed after heading a ball in a game against St. Helens and died.;0;0;1;0;0
12;01-01-08;Frank Levick;England;England;26.0;Sheffield United;Pneumonia during recovery from collar bone broken playing against Newcastle United on  January . Attending Dr Selby of Attercliffe (Sheffield) noted heart failure at :pm on  February  at his father's house on  Plumpers Road Tinsley Sheffield;1;0;0;0;0
13;29-12-09;James Main;Scotland;Scotland;23.0;Hibernian;Fatal stomach injuries during a Christmas Day match in  against Partick Thistle at Firhill on a frostbound pitch, after colliding with a Thistle player, led to death four days later.;0;0;0;0;1
14;19-02-16;Bob Benson;England;England;33.0;Arsenal;Burst blood vessel following a wartime game against Reading.;0;0;0;0;0
15;07-01-21;Horace Fairhurst;England;England;27.0;Blackpool;"Head injury in a league game at Barnsley in December ; died as a result of his injury early in the new year.";0;0;0;0;0
16;22-05-21;Nikola Gazdić;Kingdom of Yugoslavia;Kingdom of Yugoslavia;;Hajduk Split;Late stage tuberculosis after a game against Građanski Zagreb, Hajduk's greatest rival at the time.;0;0;0;0;0
17;14-11-21;Joshua Wilkinson;Scotland;Scotland;24.0;Dumbarton;Goalkeeper who died from peritonitis two days after a game against Rangers.;0;0;0;0;0
18;11-11-23;Tom Butler;England;England;;Port Vale;Died from tetanus eight days after fracturing his arm in a match.;0;0;0;0;0
19;13-03-27;Georges Le Bidois;France;France;26.0;Stade Olympique de l'Est;During a season-ending match of the Ligue Île-de-France [fr], the goalkeeper Georges Le Bidois received a violent kick at his carotid from Swiss Aron Pollitz of US Suisse Paris, from which he succumbed in the locker room. Upon the announcement of his death, the game was called off.;0;0;0;0;0
20;04-04-27;Albert Van Coile;Belgium;Belgium;27.0;Cercle Brugge;Perforated bowel after a collision with an opponent. Died one day later.;0;0;0;0;1
21;30-04-27;Sam Wynne;England;England;30.0;Bury;Collapsed and died on the field of pneumonia during a match against Sheffield United, although Bury claim it was a cerebral haemorrhage.;0;0;1;0;0
22;03-05-27;David Arellano;Chile;Chile;24.0;Colo-Colo;Peritonitis after being hit by an opposing player during the match. Shortly after the incident Arellano was brought to a nearby clinic where he ultimately died.;0;0;0;0;0
23;05-09-31;John Thomson;Scotland;Scotland;22.0;Celtic;Injured during an Old Firm match when he dived for the ball and suffered a fractured skull in an accidental collision with Rangers' Sam English. He died that same evening.;0;0;0;0;1
24;17-06-33;Jón Kristbjörnsson;Iceland;Iceland;22.0;Valur;A goalkeeper who collided with a striker from KR Reykjavik and suffered a head injury in the last game of the Icelandic League on  June . Was taken to hospital, where he died from his injuries on  June .;0;0;0;0;1
25;01-12-34;Sim Raleigh;England;England;25.0;Gillingham;Died after a clash of heads with Brighton & Hove Albion's Paul Mooney in a game, who subsequently retired.;0;0;0;0;0
26;03-12-34;Pfeiferlik;Czechoslovakia;Czechoslovakia;;Union Žižkov;Fell and got a concussion in a game against Viktoria Žižkov. Died on the way to hospital.;0;0;0;0;0
27;10-02-35;Samuel Beattie[24][25];Republic of Ireland;Republic of Ireland;28.0;Distillery F.C.;Died after a clash of heads after a corner in the – FAI Cup quarter-final. Finished the game and went home. Became delirious the same night and was rushed to hospital due to cerebral haemorrhage.;0;0;0;0;0
28;05-02-36;Jimmy Thorpe;England;England;22.0;Sunderland;When playing as goalkeeper, Thorpe, a diabetic, collapsed into a coma from which he never recovered, attributed to the rough treatment he received on the pitch in a game against Chelsea. His death led to the rule that players were no longer able to kick the ball out of the goalkeeper's arms.;0;0;1;0;0
29;12-11-36;Jorge Chávez Boza;Peru;Peru;;Atlético Chalaco;Playing in a friendly match for Atlético Chalaco, Chávez Boza had his femoral artery injured by Víctor Guarderas Lavalle from Alianza Lima. His limb was amputated which later led to his death since having diabetes.;0;0;0;0;0
30;14-05-39;Asbjørn Rønneberg;Norway;Norway;17.0;Hof IL;Collapsed with a heart attack during the away game against Ramnes IL. He died within minutes after he was carried off the pitch.;1;0;1;0;0
31;15-05-41;Law Adam;Netherlands;Netherlands;32.0;Thor;After retirement at the age of  due to heart problems in , Adam was playing for Thor against Anasher in Surabaya in the Dutch East Indies on  May . He suffered a heart attack which led to his death.;1;0;0;0;0
32;22-03-46;Isaac Angulo;Peru;Peru;;Alianza Lima;Collapsed during a friendly match against a saltpeter workers team in Antofagasta, Chile. He died from a possible cardiac arrest.;0;1;1;0;0
33;20-02-49;Gustav Fähland;West Germany;West Germany;;TSV Braunschweig;Internal bleeding a few days after a collision with an opposing player in a match between his club TSV Braunschweig (a temporary name for Eintracht Braunschweig) and SV Werder Bremen on  February .;0;0;0;0;1
34;01-04-51;Mitotônio;Brazil;Brazil;35.0;Ceará;Collapsed during a match. Death attributed to stomach congestion.;0;0;1;0;0
35;04-04-53;John Kirkby;United States;Wales;23.0;Wrexham;Collapsed during a match. Death attributed to a cardiac arrest.;0;1;1;0;0
36;14-07-63;Constantin Tabarcea;Romania;Romania;26.0;Petrolul Ploieşti;Collapsed during a match. Death attributed to unusual activity of the thymus gland.;0;0;1;0;0
37;01-11-66;Petar Radaković;Socialist Federal Republic of Yugoslavia;Socialist Federal Republic of Yugoslavia;29.0;NK Rijeka;Collapsed during a training session due to a heart ailment and died on the way to the hospital.;1;0;1;0;0
38;25-02-67;Tony Allden;England;England;;Highgate United;Struck by lightning during an FA Amateur Cup quarterfinal against Enfield, died following day.;0;0;0;1;0
39;07-01-73;Pedro Berruezo;Spain;Spain;27.0;Sevilla F.C.;Heart attack during a Segunda División match against Pontevedra. He had collapsed in previous matches against Alicante, Sabadell, and Barakaldo. He had received treatment for his condition, but collapsed for the last time at the Estadio Municipal de Pasarón, without ever regaining consciousness.;1;0;1;0;0
40;16-12-73;Pavão;Portugal;Portugal;26.0;F.C. Porto;Heart attack during a league game.;1;0;0;0;0
41;14-12-75;Ángel Avilés;Peru;Peru;;Deportivo Junín;Collapsed on the field after a run with the ball, playing against Atlético Chalaco at the Estadio Nacional del Perú, he previously had heart complications since playing for Colegio Nacional Iquitos. A stadium in Moyobamba was named after him.;1;0;1;0;0
42;18-05-77;Tony Aveyard;England;England;21.0;Scarborough;Head injuries received during match.;0;0;0;0;0
43;27-08-77;Michel Soulier;Belgium;Belgium;27.0;Namur;Died as a result of an attack in a Belgian Cup away match against Anderlecht at Parc Astrid. Stade Michel-Soulier [fr] in Namur was named in his honor.;0;0;0;0;0
44;30-10-77;Renato Curi;Italy;Italy;24.0;Perugia;Heart attack while playing in a Serie A match against Juventus. Perugia's ground is named after him.;1;0;0;0;0
45;21-04-80;Omar Sahnoun;France;France;24.0;Bordeaux;Died from a heart attack during a club training.;1;0;0;0;0
46;05-11-81;Hocine Benmiloudi;Algeria;Algeria;26.0;CR Belouizdad;Died during the Ligue  match against USM Aïn Beïda in Stade  Août  (Algiers), from severe food poisoning.;0;0;0;0;0
47;07-03-82;Carlos Alberto Barbosa;Brazil;Brazil;28.0;Sport;Died from infarction after fainting in the match against XV de Jaú.;0;0;0;0;0
48;23-09-84;Erik Jongbloed;Netherlands;Netherlands;21.0;DWS;Struck by lightning during an exhibition game.;;;;;
Son of Jan Jongbloed;" goalkeeper of the Dutch national team in both the  and  FIFA World Cup Final.""";0;0;0;1;0;;;;;;
49;15-01-87;José Antonio Gallardo;Spain;Spain;25.0;CD Málaga;Collided with an opponent on  December away to Celta de Vigo, underwent emergency surgery and returned home. Relapsed on  January with a cerebral haemorrhage and fell into an eight-day coma before dying.;0;0;0;0;1
50;23-08-87;Paulo Navalho;Portugal;Portugal;20.0;Atlético Clube de Portugal;Acute myocardial infarction during a friendly match between Atletico and the UAE's Al-Jazira Club.;0;0;0;0;0
51;09-12-87;Dursun Özbek;Turkey;Turkey;17.0;Galatasaray;Died from a heart attack in a training match in Florya.;1;0;0;0;0
52;07-02-89;Sixto Rovina;Netherlands Antilles;Netherlands;27.0;Groningen;Collapsed at the moment he wanted to take a throw-in while playing against VV Hoogezand. He died of a heart attack.;1;0;1;0;0
53;12-08-89;Samuel Okwaraji;Nigeria;Nigeria;24.0;Nigeria;Collapsed and died while playing against Angola in a World Cup Qualifier. An autopsy showed that the -year-old had an enlarged heart and high blood pressure.;1;0;1;0;0
54;08-09-90;David Longhurst;England;England;25.0;York City;Heart attack on the pitch while playing against Lincoln City. He was pronounced dead on arrival at the hospital.;1;0;0;0;0
55;02-02-93;Michael Klein;Romania;Germany;33.0;Bayer Uerdingen;Heart attack during a training session.;1;0;0;0;0
56;01-09-93;Gábor Zsiborás;Hungary;Hungary;35.0;MTK;The goalkeeper collapsed into a coma in the training session of Hungarian national team. After a week he died.;0;0;1;0;0
57;30-04-95;Mukandi Tsimaya;Zaire;Greece;28.0;Atromitos F.C.;Received an elbow hit in the neck by an opponent player, during a match against Panelefsiniakos. He died before going to hospital.;0;0;0;0;0
58;25-08-95;Michael Goddard;Northern Ireland;Northern Ireland;;Dundela;Died during a game against Dungannon Swifts at Stangmore Park after being struck in the chest by the ball.;0;0;0;0;0
59;29-10-95;Amir Angwe;Nigeria;Nigeria;29.0;Julius Berger F.C.;Collapsed and died on the pitch of a heart attack.;1;0;1;0;0
60;04-01-97;Hédi Berkhissa;Tunisia;Tunisia;24.0;Esperance Sportive de Tunis;Heart attack in a friendly game against Olympique Lyonnais at Stade Chedli Zouiten;1;0;0;0;0
61;04-04-97;Waheeb Jabara;Israel;Israel;23.0;Hapoel Taibe;Heart attack while playing against Bnei Yehuda.;1;0;0;0;0
62;18-02-98;Robbie James;Wales;Wales;40.0;Llanelli A.F.C.;Cardiomyopathy.;0;0;0;0;0
63;28-04-98;Axel Jüptner;Germany;Germany;29.0;Carl Zeiss Jena;Died suddenly of a heart attack during training.;1;0;0;0;0
64;01-01-99;Ferenc Biro;Romania;Romania;15.0;Nirajul Miercurea-Nirajului;Died after a crossbar fell on his head during a warmup.;0;0;0;0;0
65;24-07-99;Ștefan Vrăbioru;Romania;Romania;23.0;Astra Ploieşti;Undetected heart defect that led to his collapse.;1;0;1;0;0
66;01-01-00;Daniel Orbeanu;Romania;Romania;18.0;Caraimanul Buşteni;Died after an infection from a simple sprain, misdiagnosed by four different hospitals.;0;0;0;0;0
67;01-02-00;John Ikoroma;Nigeria;United Arab Emirates;17.0;Al-Wahda S.C.C.;Collapsed on the pitch and later died in hospital.;0;0;1;0;0
68;02-04-00;Eri Irianto;Indonesia;Indonesia;26.0;Persebaya Surabaya;Died in hospital due to heart failure after a game between Persebaya and PSIM Yogyakarta.;1;0;0;0;0
69;06-05-00;Robert Mitwerandu;Poland;Poland;30.0;Raków Częstochowa;Died from a heart attack in his house's bathroom, at the same night when his team lost – to Polar Wrocław.;1;0;0;0;0
70;21-05-00;Hocine Gacemi;Algeria;Algeria;24.0;JS Kabylie;Died in a hospital in Paris, France, from a fractured skull after clash of heads two days earlier;0;0;0;0;0
71;30-05-00;Ivan Krstić;Federal Republic of Yugoslavia;Federal Republic of Yugoslavia;19.0;Radnički Niš;Struck by lightning during a training session and was killed instantly.;0;0;0;1;0
72;05-10-00;Cătălin Hîldan;Romania;Romania;24.0;Dinamo București;"Died while playing for Dinamo; In the th minute of a friendly game against Olteniţa, Hîldan had a heart attack, and fell to the ground. The North Stand of Dinamo's stadium is named in his honour.";1;0;0;0;0
73;14-02-01;Roman Pavelka;Czech Republic;Czech Republic;33.0;SK Uničov;Collapsed during physical training for his team and died from a heart condition.;1;0;1;0;0
74;29-08-01;Serhiy Perkhun;Ukraine;Russia;23.0;CSKA Moscow;Injured in a collision with Budun Budunov who also sustained serious head trauma. He suffered a brain haemorrhage and died eight days later.;0;0;0;0;1
75;20-11-01;Cédric Lestic;France;France;26.0;AS Cherbourg;Died during a training session at André-Picquenot Stadium in Tourlaville as a result of a heart attack.;1;0;0;0;0
76;20-02-02;Cristian Neamțu;Romania;Romania;21.0;Universitatea Craiova;Accidentally struck in the mandible by a teammate charging towards goal. Internal bleeding was discovered, before he died one week later.;0;0;0;0;0
77;01-10-02;Marcio Dos Santos;Brazil;Peru;28.0;Deportivo Wanka;Dos Santos suffered a heart attack after a game of his Peruvian club Deportivo Wanka, which scored a goal in the – win over Alianza Lima.;1;0;0;0;0
78;24-10-02;Hernán Gaviria;Colombia;Colombia;32.0;Deportivo Cali;Struck by lightning during a training session, and was killed instantly.;0;0;0;1;0
79;27-10-02;Giovanni Córdoba;Colombia;Colombia;24.0;Deportivo Cali;Struck by the same lightning that killed Hernán Gaviria, and died three days later from the injuries.;0;0;0;1;0
80;12-12-02;Stefan Toleski;North Macedonia;North Macedonia;23.0;FK Napredok;Collapsed during a match and later died in a hospital.;0;0;1;0;0
81;09-03-03;Marvin Lee;Trinidad and Tobago;Trinidad and Tobago;21.0;Trinidad and Tobago U20;Sustained neck and spinal injuries in a collision with Landon Donovan during the  CONCACAF U- Tournament on  March . Paralysed, he died two years later on  March .;0;0;0;0;1
82;26-06-03;Marc-Vivien Foé;Cameroon;Cameroon;28.0;Cameroon;Collapsed while playing in the  FIFA Confederations Cup semi-final between his country and Colombia, and died shortly afterward in hospital. An autopsy later revealed the cause of death was hypertrophic cardiomyopathy.;0;0;1;0;0
83;09-08-03;Ali Bakar;Malaysia;Malaysia;55.0;Malaysia and Penang;Suffered a heart attack and died on the field while playing in a charity football match in Singapore in .;1;0;0;0;0
84;25-01-04;Miklós Fehér;Hungary;Portugal;24.0;Benfica;Cardiac arrest caused by hypertrophic cardiomyopathy while playing against Vitória.;0;1;0;0;0
85;29-02-04;Danny Ortiz;Guatemala;Guatemala;27.0;CSD Municipal;Torn pericardium during a match against CSD Comunicaciones when he collided with Mario Rafael Rodríguez. He died later in a hospital.;0;0;0;0;1
86;27-10-04;Serginho;Brazil;Brazil;30.0;São Caetano;Sudden cardiac death during a Campeonato Brasileiro Série A match against São Paulo. His death motivated a revamping of practices in medical assistance from clubs and stricter preventive measures in sports grounds in Brazil.;0;1;0;0;0
87;05-12-04;Cristiano Júnior;Brazil;India;24.0;Dempo Sports Club;Collided with Mohun Bagan goalkeeper Subrata Paul in the th minute of the Federation Cup finals while scoring his second goal. He staggered away, then collapsed. Attempts to revive him were unsuccessful and he was pronounced dead upon arrival at Hosmat Hospital.;0;0;1;0;1
88;12-04-05;Paul Sykes;England;England;28.0;Folkestone Invicta;Collapsed on the pitch  minutes into the game against Margate F.C. in the Kent Senior Cup Semi-Final. An undiagnosed heart defect was identified as the cause of his death.;1;0;1;0;0
89;27-05-05;Alin Paicu;Romania;Romania;32.0;Minerul Mătăsari;Collapsed after heading a ball. Died of a heart attack.;1;0;1;0;0
90;25-06-05;Hugo Cunha;Portugal;Portugal;28.0;U.D. Leiria;Died suddenly from a cardiac arrest during a football match played with friends in Montemor-o-Novo.;0;1;0;0;0
91;11-04-06;Victor Alfonso Guerrero;Colombia;Colombia;17.0;Envigado F.C.;Died suddenly during a training match. He had lost consciousness on the ground and his body had arrived lifeless to the hospital.;0;0;0;0;0
92;12-06-06;Rasmus Green;Denmark;Denmark;26.0;Næstved BK;Heart attack during a training session and was, despite revival attempts from teammates and a doctor, declared dead upon arrival at the local hospital. The number  was afterwards retired in his honor.;1;0;0;0;0
93;10-08-06;Gökmen Yıldıran;Turkey;Turkey;28.0;Elazığspor;Suffered a heart attack during training, he died before being taken to the hospital.;1;0;0;0;0
94;30-08-06;Mohamed Abdelwahab;Egypt;Egypt;23.0;Al Ahly;Died from undetected heart defect during a training match.;1;0;0;0;0
95;09-09-06;Matt Gadsby;England;England;27.0;Hinckley United;Collapsed on the pitch during a Conference North game against Harrogate Town and died soon afterwards at Harrogate District Hospital. Medical tests revealed he died from a heart condition known as arrhythmogenic right ventricular cardiomyopathy.;1;0;1;0;0
96;18-09-06;Nilton Pereira Mendes;Brazil;Kazakhstan;30.0;FC Shakhter Karagandy;Collapsed on the pitch during a training session with his club and died in the ambulance on the way to the hospital. The Brazilian was a former top scorer and best player for the Kazakhstan Premier League.;0;0;1;0;0
97;27-03-07;Ivan Karačić;Bosnia and Herzegovina;Bosnia and Herzegovina;19.0;NK Široki Brijeg;Heart attack and died during a training match in Široki Brijeg, Bosnia and Herzegovina.;1;0;0;0;0
98;19-08-07;Anton Reid;England;England;16.0;Walsall;Collapsed and died during youth team pre-season training. An inquest recorded a verdict of natural causes.;0;0;1;0;0
99;28-08-07;Antonio Puerta;Spain;Spain;22.0;Sevilla FC;Collapsed during a match against Getafe C.F.. He died later in hospital after several cardiac arrests. Autopsy revealed arrhythmogenic right ventricular cardiomyopathy;0;1;1;0;0
100;29-08-07;Chaswe Nsofwa;Zambia;Israel;28.0;Hapoel Be'er Sheva;Sudden heart failure during a training match against Maccabi Be'er Sheva.;1;0;0;0;0
101;29-12-07;Phil O'Donnell;Scotland;Scotland;35.0;Motherwell;Collapsed during his team's – win against Dundee United with what was later confirmed as left ventricular failure. He died on the way to the hospital.;0;0;1;0;0
102;09-02-08;Guy Tchingoma;Gabon;Gabon;22.0;FC 105 Libreville;Died shortly after a league game against Union Sportive O'Mbila. During the match, he collided with an opponent. He managed to finish the game, but collapsed shortly after and medics were unable to revive him.;0;0;1;0;1
103;16-02-08;Hervé King;England;England;27.0;Ringmer;Collapsed  minutes into a game against Three Bridges of an undetermined cause (heart attack suspected).;1;0;1;0;0
104;03-04-08;Hrvoje Ćustić;Croatia;Croatia;24.0;NK Zadar;Collided with a concrete wall during a game against Cibalia and died in a hospital  days later of severe head injuries;0;0;0;0;1
105;31-05-08;Rustem Bulatov;Russia;Russia;34.0;Torpedo SDYuSShOR Kaluga;Felt ill during a game, died later that day in a hospital.;0;0;0;0;0
106;15-03-09;Jumadi Abdi;Indonesia;Indonesia;26.0;PKT Bontang;Collapsed after an incident with Denny Tarkas during the match of his club PKT Bontang against Persela Lamongan. Denny kicked Jumadi's stomach when he was trying to get the ball. Jumadi died in a hospital  days later of severe infection.;0;0;1;0;0
107;03-04-09;Víctor Hugo Ávalos;Paraguay;Paraguay;37.0;Villa Florida;Heart attack during a match against Salesianito. He died the next day.;1;0;0;0;0
108;26-05-09;Orobosan Adun;Nigeria;Nigeria;28.0;Warri Wolves FC;Before an away match with Enugu Rangers, goalkeeper Adun of Warri Wolves FC, was assaulted by thugs suspected to be fans of the opposition team. Adun died  days later from internal haemorrhage, during a training session.;0;0;0;0;0
109;08-08-09;Daniel Jarque;Spain;Spain;26.0;RCD Espanyol;Cardiac arrest following a training session.;0;1;0;0;0
110;02-09-09;Alexandru Iatan;Romania;Romania;19.0;Dunărea Giurgiu;The Romanian goalkeeper was hit in the abdominal area with a ball while trying to defend a penalty kick during team training. He continued his training but a few moments later he collapsed and died of cardiac arrest.;0;1;1;0;0
111;20-09-09;Neridson Estevao;Angola;Angola;26.0;Progresso de Sambizanga;Died after collapsing during a second-division match between his club Progresso de Sambizanga and Benfica de Cabinda. He died later in a nearby hospital.;0;0;1;0;0
112;15-11-09;Maurizio Greco;Italy;Germany;25.0;TuS Güldenstern Stade;Collapsed during the match of his club TuS Güldenstern Stade against Lupo Martini Wolfsburg at Campers Höhe and died later in the hospital.;0;0;1;0;0
113;18-11-09;Salem Saad;United Arab Emirates;United Arab Emirates;31.0;Al-Nasr;Died of a heart attack during a training session.;1;0;0;0;0
114;24-01-10;Yannick Dago;Cameroon;France;17.0;Arras Football;Collapsed during the match of his under- team club Arras Football against Etoile Sportive Anzin Saint Aubin and died later on a heart attack.;1;0;1;0;0
115;06-03-10;Endurance Idahor;Nigeria;Sudan;25.0;Al-Merreikh;Collapsed during the match of his Sudanese club Al Merreikh against Alamal Atbara. He died in the ambulance. Autopsy report revealed that he suffered a circulatory collapse from a heart attack.;1;0;1;0;0
116;08-03-10;Bartholomew Opoku;Ghana;Ghana;19.0;Kessben F.C.;Collapsed the day before while playing against league side Liberty. He was quickly taken to hospital and is understood to have stabilized overnight. His death was announced the next day by his club.;0;0;1;0;0
117;09-04-10;Daniel Robert de Jesus;Brazil;Kazakhstan;28.0;Irtysh Pavlodar;Suffered a heart attack during the warmup prior to a Kazakhstan Premier League fixture against FC Kairat.;1;0;0;0;0
118;01-05-10;Goran Tunjić;Croatia;Croatia;32.0;Mladost FC;Heart attack during a th Division match. It was widely reported that Tunjić had been booked by the referee for diving, though such reports were later refuted by some sources.;1;0;0;0;0
119;02-05-10;Ambrose Wreh;Liberia;Liberia;24.0;Invincible Eleven;Heart failure in a match against Mighty Barrolle. He came on as a substitute in the second half before collapsing in the center circle with no other players near him. He died shortly afterwards upon arrival to a hospital in Monrovia, Liberia.;1;0;1;0;0
120;08-05-10;Wilson Mene;Nigeria;Cambodia;22.0;Prek Pra Keila;Collapsed during a league match. He played in Metfone Cambodian League at National Olympic Stadium.;0;0;1;0;0
121;08-05-10;Fred [pt];Brazil;Brazil;26.0;Mesquita;Suffered cardiac arrest during a Carioca Championship match against Cabofriense and was pronounced dead on arrival at hospital.;0;1;0;0;0
122;18-08-10;Victor Omogbehin;Nigeria;England;22.0;Ilford F.C.;Collapsed during a league match. He played in the Isthmian Football League game from Ilford against Lowestoft Town FC.;0;0;1;0;0
123;12-09-10;Nduka Anyanwu;Nigeria;Germany;30.0;SV 1920 Geinsheim [de];Collapsed during a league match at Queichhambach and could not be revived.;0;0;1;0;0
124;10-11-10;Benjamin Owusu;Ghana;Benin;21.0;Cavaliers FC Parakou;Collapsed while playing in Benin.;0;0;1;0;0
125;12-12-10;Emmanuel Ogoli;Nigeria;Nigeria;21.0;Ocean Boys F.C.;Collapsed on the pitch while playing a league match, and died later in a hospital.;0;0;1;0;0
126;12-04-11;Lokissimbaye Loko;Chad;France;30.0;FC Beaumontois;Heart attack during a Ligue Midi-Pyrenees match.;1;0;0;0;0
127;04-08-11;Naoki Matsuda;Japan;Japan;34.0;Matsumoto Yamaga F.C.;"Collapsed during training on  August  due to a cardiac arrest after finishing a -minute warmup run, and doctors diagnosed his condition as ""extremely severe"". After two days, he died on  August.";0;1;1;0;0
128;13-11-11;Bobsam Elejiko;Nigeria;Belgium;30.0;K. Merksem S.C.;Collapsed and died while playing a th tier match for K. Merksem S.C. against F.C. Exc. Kaart;0;0;1;0;0
129;21-03-12;Dhanraj Venkatesh[100];India;India;27.0;Bangalore Mars;"Collapsed toward the end of the game; reports suggest cardiac arrest as the cause of death.";0;1;1;0;0
130;10-04-12;Patrick Grange;United States;United States;29.0;University of New Mexico;Died of amyotrophic lateral sclerosis, after already having chronic traumatic encephalopathy.;0;0;0;0;0
131;14-04-12;Piermario Morosini;Italy;Italy;25.0;Livorno;Collapsed during a Serie B game against Pescara. The cause of death was cardiac arrest.;0;1;1;0;0
132;05-05-12;Mohamed Lemine Ould M'Boye;Mauritania;Mauritania;;ASC Nasr Zem Zem;Collapsed twenty minutes into a game against FC Legwareb-FC Trarza in a Mauritanian Premier League match. Died on arrival at a hospital due to cardiac arrest. The game was postponed and replayed on  May, with Zem Zem winning –.;0;1;1;0;0
133;12-06-12;Gerome Graham;Cayman Islands;Cayman Islands;20.0;Bodden Town;Collapsed during a training session. The cause of death was determined to be hypertrophic cardiomyopathy.;0;0;1;0;0
134;07-07-12;Arjuna Luiz Venutto Ramos;Brazil;Brazil;17.0;São Bernardo;Collapsed during an under- championship match against Portuguesa Santista and died having suffered cardiac arrest.;0;1;1;0;0
135;05-08-12;Chinonso Ihelwere Henry;Nigeria;Romania;21.0;Delta Tulcea;Collapsed during a friendly game against CS Balotești in the th minute, after having been brought on for only  minutes. With the temperature being  °C, doctors tried reviving the Nigerian player for  minutes before declaring him dead. Supposedly, he underwent health tests a week before his death with no signs of problems detected. The cause was of his death was heart failure.;1;0;1;0;0
136;02-09-12;Victor Brännström;Sweden;Sweden;29.0;Piteå IF;Collapsed shortly after scoring during a meeting in the Division , in which he suffered a cardiac arrest and died after arriving at hospital.;0;1;1;0;0
137;07-10-12;Joshua Pepple;Nigeria;Poland;24.0;LKS Pomorzanin Nowogard;Collapsed from a heart attack in a league game against Iskierka Szczecin and died on the pitch.;1;0;1;0;0
138;20-10-12;Jaouad Akaddar;Morocco;Morocco;28.0;Hassania Agadir;Suffered a heart attack immediately after the end of a match.;1;0;0;0;0
139;02-04-13;Quentin Margueritte;France;France;25.0;USON Mondeville;Collapsed during a training session of his club USON Mondeville. The cause of death was cardiac arrest.;0;1;1;0;0
140;20-04-13;Dominik Rupp;Germany;Germany;23.0;FSV Hemmersdorf;Collapsed during a Saarlandliga game against Saar  Saarbrücken. The cause of death was cardiac arrest.;0;1;1;0;0
141;16-05-13;Berat Sacipi;Kosovo;Germany;31.0;SV Inter Itzehoe;Collapsed during a Kreisklasse A Steinburg game against ABC Wesseln. The cause of death was cardiac arrest.;0;1;1;0;0
142;17-06-13;Mohammad Fahad;Kuwait;Kuwait;32.0;Al-Sulaibikhat;In a non-official match played in May , Mohammed Fahad collided with another player, causing him a severe bleeding in the brain and coma until the dawn of  June , when he died.;0;0;0;0;1
143;21-06-13;Alen Pamić;Croatia;Croatia;23.0;NK Istra 1961;Collapsed during a retreat game for MNK Maružini of a heart attack.;1;0;1;0;0
144;21-07-13;Yair Clavijo;Peru;Peru;18.0;Sporting Cristal;The -year-old footballer from Sporting Cristal died during a reserve match against Real Garcilaso on  June . The autopsy determined he died from a cerebral edema with brain herniation caused by hypertrophic cardiomyopathy.;0;0;0;0;0
145;27-07-13;Sékou Camara;Mali;Indonesia;27.0;Pelita Bandung Raya;Collapsed on the field during his team's practice session in Bandung. He was rushed to the nearest hospital, but died on the way there. The cause of death was a heart attack.;1;0;1;0;0
146;30-07-13;Matthias Viereckl;Austria;Austria;19.0;SC Marchtrenk;Died in a friendly game against Union Steinhaus.;0;0;0;0;0
147;27-08-13;Héctor Sanabria;Argentina;Argentina;27.0;Deportivo Laferrere;Suffered a heart attack in the th minute of a league match against General Lamadrid and died before reaching hospital.;1;0;0;0;0
148;17-11-13;Alex Marques[123];Portugal;Portugal;20.0;G.D. Tourizense;Cardiac arrest after seven minutes of the match between Tourizense and Carapinheirense.;0;1;0;0;0
149;23-12-13;Jamie Skinner;Scotland;Scotland;13.0;Tynecastle;Cardiac arrest during a game in the Saughton Park in Edinburgh.;0;1;0;0;0
150;28-02-14;Kevon Carter;Trinidad and Tobago;Trinidad and Tobago;30.0;Defence Force;Died of a heart attack after feeling chest pains during a training session in the morning.;1;0;0;0;0
151;03-05-14;Kodjo Etonam Adjassou;Togo;Australia;24.0;Bankstown City FC;Collapsed after  minutes of the National Premier League NSW Division Two match against Spirit FC.;0;0;1;0;0
152;19-05-14;Akli Fairuz;Indonesia;Indonesia;27.0;Persiraja;Died after colliding with opposition goalkeeper during a match in the Indonesian Premier League. Fairuz was substituted and admitted to hospital but died due to internal bleeding the next day.;0;0;0;0;1
153;23-08-14;Albert Ebossé Bodjongo;Cameroon;Algeria;24.0;JS Kabylie;Hit by a projectile while leaving the pitch. However a post-mortem examination showed he may have actually died from a severe beating.;0;0;0;0;0
154;03-09-14;Carlos Barra;Chile;Chile;23.0;Deportes Maipo Quilicura;Collapsed from cardiac arrest after  minutes of a friendly match against Palestino and could not be resuscitated.;0;1;1;0;0
155;19-10-14;Melissa Smith;England;England;15.0;Cadley FC;Collapsed on the field during a match against Euxton Girls. CPR and defibrillation was attempted at the scene but she was pronounced dead at the hospital.;0;0;1;0;0
156;19-10-14;Peter Biaksangzuala;India;India;23.0;Bethlehem Vengthlang;Died from spinal injuries that occurred as he landed awkwardly while celebrating a goal at  minutes against Chanmari West.;0;0;0;0;0
157;10-11-14;Dipak Adhikari;Nepal;United Arab Emirates;;Abu Dhabi Police Force Team;The Nepalese born player and member of the Abu Dhabi Police's team died after collapsing during a match.;0;0;1;0;0
158;28-03-15;Ben Hiscox;England;England;30.0;Stoke Gifford;While tackling during a league match against Mangotsfield Sports, the English footballer stumbled and fell backwards, hitting his head against the wall of Stoke Gifford's clubhouse. He died a few days later.;0;0;0;0;0
159;30-04-15;Gregory Mertens;Belgium;Belgium;24.0;Sporting Lokeren;Belgian footballer Gregory Mertens died of heart failure, three days after collapsing during a reserve team match against Genk, having never regained consciousness after receiving CPR during the first half.;1;0;1;0;0
160;11-05-15;Tim Nicot;Belgium;Belgium;23.0;Beerschot-Wilrijk;Belgian footballer died of heart failure, only two weeks after Gregory Mertens, during a tournament game.;1;0;0;0;0
161;14-05-15;Emanuel Ortega;Argentina;Argentina;21.0;San Martín de Burzaco;Argentine footballer dies after sustaining fatal head injury against a perimeter wall during a Primera C match. All football activities under the Argentine Football Association were suspended the following week, and cushioning protection was made mandatory for such structures.;0;0;0;0;0
162;24-05-15;Cristian Gómez;Argentina;Argentina;27.0;Club Atlético Paraná;Argentine footballer died of heart failure during a Primera B Nacional match.;1;0;0;0;0
163;31-05-15;Shetemi Ayetigbo;Nigeria;Republic of Ireland;16.0;Belvedere;During a Dublin & District Schoolboy League game against St Kevin's Boys, Ayetigbo, a Nigerian-Irish footballer collapsed and died.;0;0;1;0;0
164;13-06-15;David Oniya;Nigeria;Malaysia;30.0;T-Team;Nigerian footballer collapsed three minutes after kick-off in a friendly match against Kelantan and died less one hour later in hospital.;0;0;1;0;0
165;07-07-15;Junior Dian;England;England;23.0;Tonbridge Angels;Collapsed in a pre-season friendly game at Whyteleafe.;0;0;1;0;0
166;11-07-15;Daniel Kowalski;Germany;Germany;24.0;Germania Niederrodenbach [nl];Collapsed during a training session. The -year-old had been cleared to continue playing despite previous heart problems.;1;0;1;0;0
167;15-10-15;Sergei Filippenkov;Russia;Russia;44.0;FC Zenit Penza;Died during a friendly match between veteran teams in Pensa.;0;0;0;0;0
168;02-09-15;Stelios Markousis;Greece;Greece;18.0;Veria;Suffered a heart attack during a training session and died shortly afterwards.;1;0;0;0;0
169;06-12-15;Abdul Haruna;Nigeria;Vietnam;27.0;Song Lam Nghe An FC;Collapsed and died on the pitch playing in a friendly match between professional and amateur select sides in Kano, Nigeria.;0;0;1;0;0
170;13-03-16;Hugo Suárez;Spain;Spain;28.0;Llaranes;After approaching the bench during a Primera Regional match against Miranda to report severe chest pains, Suárez collapsed and could not be resuscitated.;0;0;1;0;0
171;01-05-16;Stefan Petrovski;Australia;Malaysia;18.0;Melaka United;Struck by lightning while training on  April, died in hospital.;0;0;0;1;0
172;06-05-16;Patrick Ekeng;Cameroon;Romania;26.0;Dinamo București;Collapsed in a match against FC Viitorul Constanța seven minutes after he came on from the bench and was taken to hospital, where he died less than two hours later.;0;0;1;0;0
173;07-05-16;Bernardo Ribeiro;Brazil;Brazil;26.0;Friburguense;Brazilian footballer for Friburguense collapsed during a friendly match before being taken to a hospital, where he died of a suspected heart attack.;1;0;1;0;0
174;09-05-16;Jeanine Christelle Djomnang;Cameroon;Cameroon;26.0;Cameroon;Cameroonian goalkeeper, collapsed during her warm-up before a match in Cameroon. She died of a suspected heart attack.;1;0;1;0;0
175;16-07-16;Antony Stott;Australia;Australia;26.0;Thirroul Thunder;Australian amateur footballer, collapsed  minutes into a match against Sandon Point and died en route to hospital. Cause of death suspected to have been a cardiac arrest.;0;1;1;0;0
176;15-08-16;Michael Umanika;Nigeria;Azerbaijan;20.0;Zagatala;Nigerian midfielder for Zagatala PFK collapsed during a team training session in Zagatala. He died of a suspected heart attack.;1;0;1;0;0
177;26-08-16;Kieran McDade;Scotland;Scotland;13.0;Dunbeth FC;Suffered a cardiac arrest during football training.;0;1;0;0;0
178;11-09-16;Ben Idrissa Dermé;Burkina Faso;France;34.0;AJ Biguglia;Died of a heart attack during a French cup match.;1;0;0;0;0
179;13-09-16;Dan Wilkinson;England;England;26.0;Shaw Lane;Suffered a cardiac arrest on the pitch in an Integro League Cup match against Brighouse Town. He died in the following hours in hospital.;0;1;0;0;0
180;19-09-16;Dominic James;Jamaica;Jamaica;18.0;Waterhouse F.C.;Collapsed after five minutes of the Manning Cup match between St George's College and Excelsior High, and was pronounced dead on arrival at the hospital.;0;0;1;0;0
181;13-11-16;Jack Atkinson;England;England;18.0;Holland FC;Collapsed on the pitch after suffering a heart attack during an under-s match.;1;0;1;0;0
182;04-12-16;Ismail Mrisho Khalfan;Tanzania;Tanzania;19.0;Mbao F.C.;After struggling to get off the ground when tackled by an opponent during the Tanzania Under- League match against Mwadui, the striker collapsed and died of a heart attack.;1;0;1;0;0
183;11-02-17;James Moorfoot;England;England;28.0;Langtoft AFC;Collapsed due to cardiac arrest during a match against Hedon Rangers and died on the pitch.;0;1;1;0;0
184;26-04-17;Moïse Brou Apanga;Gabon;Gabon;35.0;FC 105 Libreville;Ivorian-born Gabonese defender for FC  Libreville died after suffering a heart attack during team training.;1;0;0;0;0
185;28-04-17;Gofaone Tiro;Botswana;Botswana;26.0;Township Rollers;"Botswana winger; collapsed of a heart attack during team training session and was pronounced dead upon arrival at hospital.";1;0;1;0;0
186;28-04-17;Ben Walker;England;England;15.0;Thrapston Town Juniors;Collapsed due to cardiac arrest during an under-s league game against Ise Lodge Hawks.;0;1;1;0;0
187;03-06-17;Aseged Tesfaye;Ethiopia;Ethiopia;46.0;Ethiopian Coffee;"Ethiopian striker; collapsed of a heart attack during team training session and was pronounced dead upon arrival at hospital. Doctors described the cause of death as Mitral Valve Regurgitation.";1;0;1;0;0
188;05-06-17;Cheick Tioté;Ivory Coast;China;30.0;Beijing Enterprises;"Ivorian defensive midfielder; collapsed and lost consciousness during a training session and was pronounced dead later that day with a suspected death cause of a heart attack.";1;0;1;0;0
189;17-09-17;Luc Jacobs;Netherlands;Netherlands;26.0;SC Helmondia [nl];Collapsed early in the second half of the match against SPV Vlierden. The player's heart was restarted using a defibrillator and CPR was attempted for half an hour, but he died in hospital that night.;1;0;1;0;0
190;01-10-17;Shota Maminashvili [ka];Georgia (country);Georgia (country);31.0;FC Zugdidi;Goalkeeper collapsed during his warmup routine ahead of the Erovnuli Liga  match against FC WIT Georgia and died in hospital.;0;0;1;0;0
191;15-10-17;Choirul Huda;Indonesia;Indonesia;38.0;Persela Lamongan;"Indonesian goalkeeper; while trying to retrieve the match ball from an opponent during a match against Semen Padang, he collided with his teammate Ramon Rodrigues and suffered injuries to his lower jaw and head. He was briefly conscious immediately after the collision, but later succumbed to his injuries in a local hospital.";0;0;0;0;1
192;02-11-17;Joel Lobanzo;Belgium;Belgium;17.0;Royal Antwerp U19;Lobanzo collapsed in training with the U- team on  October. He died a day later during the night of – November. It is believed that a heart attack was the cause of death.;1;0;1;0;0
193;12-12-17;Izzy Dezu;Republic of Ireland;Republic of Ireland;17.0;Shelbourne U16;Dezu became ill during a league match in the Athletic Union League Complex, as his club Shelbourne faced off against St. Kevin's Boys. He died later on the day, at a Hospital in Dublin.;0;0;0;0;0
194;03-02-18;Nacho Barbera;Spain;Spain;15.0;UD Alzira;Collapsed on the field during a youth team match against Ontinyent.;0;0;1;0;0
195;13-02-18;Danilinho;Brazil;Brazil;32.0;Juazeirense;Suffered a heart attack during training.;1;0;0;0;0
196;24-03-18;Bruno Boban;Croatia;Croatia;25.0;Marsonia 1909;"Croatian winger; Boban collapsed during a match between Marsonia and Požega Slavonia. After several minutes of attempted resuscitation by medical staff and a retired doctor who was spectating, he was pronounced dead.";0;0;1;0;0
197;04-05-18;Luyanda Ntshangase;South Africa;South Africa;21.0;Maritzburg United;South African midfielder who was struck by lightning during a friendly game on  May . He died three days later from his injuries.;0;0;0;1;0
198;29-06-18;Mohamed Farouk;Egypt;Egypt;33.0;Sidi Salem Club;Collapsed from a heart attack during a friendly match in the Aba el-Balad district in Minya.;1;0;1;0;0
199;01-09-18;Tijmen Steenbergen;Netherlands;Netherlands;13.0;VV Marinus van Rooijen 's-Heerenberg;Dutch goalkeeper who died in a C Youth league match on  September , after a collision with the Left back.;0;0;0;0;1
200;14-09-18;Mamadou Camara;France;France;26.0;USON Mondeville;Collapsed from a heart attack during training.;1;0;1;0;0
201;06-10-18;Ramon Neto da Costa;Brazil;Brazil;31.0;Araranguá Esporte Clube;Brazilian attacker who died during a friendly game on  October .;0;0;0;0;0
202;04-11-18;Ekundayo Ebenezer Mawoyeka;Nigeria;Turkey;23.0;Sarayköyspor [tr];Collapsed in the th minute of the match against Yesilkoyspor at the Servergazi Stadium. Mawoyeka was confirmed to have died of a heart attack upon arrival at the Denizli State Hospital.;1;0;1;0;0
203;22-01-19;Fodé Sidibé;Ivory Coast;Ivory Coast;;ASC Bouaké [fr];The defender collapsed during a training session.;0;0;1;0;0
204;27-01-19;Francisco Cavada;Spain;Spain;32.0;Marina de Cudeyo;Collapsed in the nd minute of a Primera Regional match against CD Valdaliga. Attempts to resuscitate him were unsuccessful.;0;0;1;0;0
205;02-03-19;Herman Tsinga;Gabon;Gabon;30.0;Akanda FC;Collapsed after challenging for a header in a Championnat National  match against Missile. Received cardiac massage on the field for twenty minutes but died en route to hospital.;0;1;1;0;0
206;25-04-19;Faty Papy;Burundi;Eswatini;28.0;Malanti Chiefs;Burundian midfielder, had a heart attack while playing in a match in Eswatini.;1;0;0;0;0
207;08-05-19;Ludwin Flores Nole;Peru;Peru;27.0;Los Rangers;Suffered a heart attack after drinking ice-cold water at the end of a match.;1;0;0;0;0
208;17-06-19;Edwin Boakai;Liberia;Liberia;;National Port Authority Anchors;Goalkeeper collapsed and died during a training session.;0;0;1;0;0
209;06-07-19;Derrick Williams;Wales;Wales;30.0;Lucas Cwmbran;Suffered sudden cardiac arrest during a friendly match.;0;1;0;0;0
210;26-09-19;Agustín Martínez;Uruguay;Uruguay;17.0;Boston River;After being subsituted in a league match against Cerro with a knee injury, Martínez suffered cardiac arrest on the bench. He was transferred to hospital but died three days later.;0;1;0;0;0
211;07-11-19;Renan Henrique Santos;Brazil;Brazil;16.0;Água Santa U17;Collapsed during a training session. The cause of death was cardiac arrest.;0;1;1;0;0
212;29-12-19;Radhakrishnan Dhanarajan;India;India;39.0;East Bengal F.C.;Dhanarajan was playing in an All India Sevens tournament at Perinthalmanna in Malappuram when he suddenly collapsed after suffering a loss of breath and chest pain. The incident occurred in the th minute of the match between FC Perinthalmanna and Sastha Thrissur. Though he was stretchered off and admitted to a hospital nearby, he could not be revived.;0;0;1;0;0
213;08-03-20;Chineme Martins;Nigeria;Nigeria;22.0;Nasarawa United F.C.;Collapsed and died during a league game;0;0;1;0;0
214;21-11-20;Ricky Yacobi;Indonesia;;57.0;Retired;Died of a heart attack while playing a friendly game with several teammates and journalists;1;0;0;0;0
215;27-11-20;Sajjad Ali;Iraq;Iraq;;Al-Sulaikh;Died of a heart attack while playing a league match against Bismayah.;1;0;0;0;0
216;07-01-21;Alex Apolinário;Brazil;Portugal;24.0;Alverca;On  January , went into cardiac arrest at the th minute of a league match. He was revived after several attempts and taken to the hospital, where he was put in an induced coma and died four days later.;0;1;0;0;0
217;08-03-21;Abdul Rahman Atef;Egypt;Egypt;23.0;Al Qanayat;Died while playing a league match against El Rowad.;0;0;0;0;0
218;11-04-21;Dejan Oršuš;Croatia;Croatia;24.0;NK Otok;Collapsed during a league match against Radnički after suffering a cardiac arrest, died in the hospital later that same day.;0;1;1;0;0
219;18-04-21;Tremaine Stewart;Jamaica;Jamaica;33.0;Portmore United;Stewart collapsed while playing football the morning of the th in Spanish town, and despite being rushed to the hospital he died later that day.;0;0;1;0;0
220;01-06-21;Giuseppe Perrino;Italy;Italy;29.0;Parma;Italian Footballer Dies Of Heart Attack During a Memorial Match For His Late Brother;1;0;0;0;0
221;22-06-21;Viktor Marcell Hegedüs;Hungary;Hungary;18.0;Andráshida SC;Collapsed during a training warmup.;0;0;1;0;0
222;16-07-21;Imad Bayumi;Egypt;;45.0;Retired;Suffered from a circulatory collapse during a friendly match.;0;0;1;0;0
223;28-08-21;Alexander Shishmarev;Russia;Russia;23.0;Krasnaya Zvezda;Alexander Shishmarev, , was playing as goalkeeper in a Russian training match when he collided with an opponent, being treated for ‘more than an hour’ before passing away;0;0;0;0;1
224;02-09-21;Dylan Rich;England;England;17.0;West Bridgford Colts;A young footballer who died after suffering a suspected cardiac arrest during a match.;0;1;0;0;0
225;04-09-21;Jens De Smet;Belgium;Netherlands;27.0;FCC Filosoof;Drama on Dutch football field, amateur player Jens () collapses and dies.;0;0;1;0;0
226;25-09-21;Guillermo Arias;Venezuela;Venezuela;31.0;Camaguán FC;In the quarterfinals of the third division tournament Arias collapsed on the field and died of cardiac arrest.;0;1;1;0;0
227;01-10-21;Bruno Stein;Germany;Germany;15.0;FC An der Fahner Höhe;Young goalkeeper and amateur angler Bruno Stein from FC An der Fahner Höhe passed away at the age of .;0;0;0;0;0
228;08-10-21;Benoît Sabard;France;France;49.0;SC Massay;With  minutes to go before the end of the game, Benoît collapsed.;0;0;1;0;0
229;15-10-21;Christophe Ramassamy;France;France;54.0;AS Saint Yves;Christophe Ramassamy, a -year-old footballer, suffered a fatal heart attack. Barely after  minutes of play, he collapsed on the pitch. The emergency services could do nothing to revive him.;1;0;1;0;0